{
    "resource_pack_name": "nk",
    "texture_name": "atlas.items",
    "texture_data": {
        "mysterium_ingot": {
            "textures": "textures/items/mysterium_ingot"
        },
        "mysterium_sword": {
            "textures": "textures/items/mysterium_sword"
        },
        "mysterium_upgrade_smithing_template": {
            "textures": "textures/items/mysterium_upgrade_smithing_template"
        },
        "mysterium_pickaxe": {
            "textures": "textures/items/mysterium_pickaxe"
        },
        "mysterium_axe": {
            "textures": "textures/items/mysterium_axe"
        },
        "mysterium_shovel": {
            "textures": "textures/items/mysterium_shovel"
        },
        "mysterium_hoe": {
            "textures": "textures/items/mysterium_hoe"
        },
        "mysterium_helmet": {
            "textures": "textures/items/mysterium_helmet"
        },
        "mysterium_chestplate": {
            "textures": "textures/items/mysterium_chestplate"
        },
        "mysterium_leggings": {
            "textures": "textures/items/mysterium_leggings"
        },
        "mysterium_boots": {
            "textures": "textures/items/mysterium_boots"
        }
    }
}