{
    "format_version": "1.20.80",
    "minecraft:item": {
        "description": {
            "identifier": "nk:mysterium_ingot",
            "menu_category": {
                "category": "items",
                "is_hidden_in_commands": false
            }
        },
        "components": {
            "minecraft:display_name": {
                "value": "item.mysterium_ingot.name"
            },
            "minecraft:icon": {
                "textures": {
                    "default": "mysterium_ingot"
                }
            },
            "minecraft:should_despawn": {
                "value": false
            },
            "minecraft:tags": {
                "tags": [
                    "minecraft:transform_materials"
                ]
            }
        }
    }
}