{
    "format_version": "1.20.80",
    "minecraft:item": {
        "description": {
            "identifier": "nk:mysterium_sword",
            "menu_category": {
                "category": "equipment",
                "group": "itemGroup.name.sword",
                "is_hidden_in_commands": false
            }
        },
        "components": {
            "minecraft:display_name": {
                "value": "item.mysterium_sword.name"
            },
            "minecraft:icon": {
                "textures": {
                    "default": "mysterium_sword"
                }
            },
            "minecraft:enchantable": {
                "slot": "sword",
                "value": 15
            },
            "minecraft:allow_off_hand": {
                "value": true
            },
            "minecraft:can_destroy_in_creative": {
                "value": false
            },
            "minecraft:damage": {
                "value": 12
            },
            "minecraft:max_stack_size": {
                "value": 1
            },
            "minecraft:durability": {
                "damage_chance": {
                    "max": 1,
                    "min": 1
                },
                "max_durability": 3192
            },
            "minecraft:tags": {
                "tags": [
                    "minecraft:is_sword",
                    "minecraft:transformable_items"
                ]
            },
            "minecraft:hand_equipped": {
                "value": true
            },
            "minecraft:repairable": {
                "repair_items": [
                    {
                        "items": [
                            "nk:mysterium_ingot"
                        ],
                        "repair_amount": "query.max_durability / 2"
                    }
                ]
            },
            "minecraft:wearable": {
                "slot": "slot.weapon.offhand"
            },
            "minecraft:should_despawn": {
                "value": false
            },
            "minecraft:digger": {
                "use_efficiency": true,
                "destroy_speeds": [
                    {
                        "block": {
                            "tags": "q.any_tag('wood')"
                        },
                        "speed": 2
                    },
                    {
                        "block": "nk:deepslate_mysterium_ore",
                        "speed": 0
                    },
                    {
                        "block": "nk:enderium_ore",
                        "speed": 0
                    },
                    {
                        "block": "bamboo",
                        "speed": 20
                    },
                    {
                        "block": "web",
                        "speed": 20
                    },
                    {
                        "block": "bamboo_sapling",
                        "speed": 20
                    },
                    {
                        "block": "web",
                        "speed": 20
                    }
                ]
            }
            
        }
    }
}