{
    "format_version": "1.20.80",
    "minecraft:item": {
        "description": {
            "identifier": "nk:mysterium_shovel",
            "menu_category": {
                "category": "equipment",
                "group": "itemGroup.name.shovel",
                "is_hidden_in_commands": false
            }
        },
        "components": {
            "minecraft:display_name": {
                "value": "item.mysterium_shovel.name"
            },
            "minecraft:icon": {
                "textures": {
                    "default": "mysterium_shovel"
                }
            },
            "minecraft:enchantable": {
                "slot": "shovel",
                "value": 15
            },
            "minecraft:allow_off_hand": {
                "value": true
            },
            "minecraft:can_destroy_in_creative": {
                "value": true
            },
            "minecraft:damage": {
                "value": 9
            },
            "minecraft:max_stack_size": {
                "value": 1
            },
            "minecraft:durability": {
                "damage_chance": {
                    "max": 1,
                    "min": 1
                },
                "max_durability": 3192
            },
            "minecraft:tags": {
                "tags": [
                    "minecraft:is_shovel",
                    "minecraft:transformable_items",
                    "minecraft:digger",
                    "nk:mysterium"
                ]
            },
            "minecraft:hand_equipped": {
                "value": true
            },
            "minecraft:repairable": {
                "repair_items": [
                    {
                        "items": [
                            "nk:mysterium_ingot"
                        ],
                        "repair_amount": "query.max_durability / 2"
                    }
                ]
            },
            "minecraft:wearable": {
                "slot": "slot.weapon.offhand"
            },
            "minecraft:should_despawn": {
                "value": false
            },
            "minecraft:digger": {
                "use_efficiency": true,
                "destroy_speeds": [
                    {
                        "block": {
                            "tags": "q.any_tag('dirt', 'sand', 'gravel', 'snow', 'grass')"
                        },
                        "speed": 15
                    },
                    {
                        "block": "nk:deepslate_mysterium_ore",
                        "speed": 0
                    },
                    {
                        "block": "nk:enderium_ore",
                        "speed": 0
                    },
                    {
                        "block": "minecraft:soul_sand",
                        "speed": 15
                    },
                    {
                        "block": "minecraft:soul_soil",
                        "speed": 15
                    },
                    {
                        "block": "minecraft:black_concrete_powder",
                        "speed": 15
                    },
                    {
                        "block": "minecraft:blue_concrete_powder",
                        "speed": 15
                    },
                    {
                        "block": "minecraft:brown_concrete_powder",
                        "speed": 15
                    },
                    {
                        "block": "minecraft:cyan_concrete_powder",
                        "speed": 15
                    },
                    {
                        "block": "minecraft:gray_concrete_powder",
                        "speed": 15
                    },
                    {
                        "block": "minecraft:green_concrete_powder",
                        "speed": 15
                    },
                    {
                        "block": "minecraft:light_blue_concrete_powder",
                        "speed": 15
                    },
                    {
                        "block": "minecraft:light_gray_concrete_powder",
                        "speed": 15
                    },
                    {
                        "block": "minecraft:lime_concrete_powder",
                        "speed": 15
                    },
                    {
                        "block": "minecraft:magenta_concrete_powder",
                        "speed": 15
                    },
                    {
                        "block": "minecraft:orange_concrete_powder",
                        "speed": 15
                    },
                    {
                        "block": "minecraft:pink_concrete_powder",
                        "speed": 15
                    },
                    {
                        "block": "minecraft:purple_concrete_powder",
                        "speed": 15
                    },
                    {
                        "block": "minecraft:red_concrete_powder",
                        "speed": 15
                    },
                    {
                        "block": "minecraft:white_concrete_powder",
                        "speed": 15
                    },
                    {
                        "block": "minecraft:yellow_concrete_powder",
                        "speed": 15
                    },
                    {
                        "block": "minecraft:clay",
                        "speed": 20
                    },
                    {
                        "block": "nk:ender_grass",
                        "speed": 20
                    },
                    {
                        "block": "nk:ender_grass_magenta",
                        "speed": 20
                    },
                    {
                        "block": "nk:ender_grass_cyan",
                        "speed": 20
                    }
                ]
            }
        }
    }
}