{
    "format_version": "1.20.80",
    "minecraft:item": {
        "description": {
            "identifier": "nk:mysterium_axe",
            "menu_category": {
                "category": "equipment",
                "group": "itemGroup.name.axe",
                "is_hidden_in_commands": false
            }
        },
        "components": {
            "minecraft:display_name": {
                "value": "item.mysterium_axe.name"
            },
            "minecraft:icon": {
                "textures": {
                    "default": "mysterium_axe"
                }
            },
            "minecraft:enchantable": {
                "slot": "axe",
                "value": 15
            },
            "minecraft:allow_off_hand": {
                "value": true
            },
            "minecraft:can_destroy_in_creative": {
                "value": true
            },
            "minecraft:damage": {
                "value": 11
            },
            "minecraft:max_stack_size": {
                "value": 1
            },
            "minecraft:durability": {
                "damage_chance": {
                    "max": 1,
                    "min": 1
                },
                "max_durability": 3192
            },
            "minecraft:tags": {
                "tags": [
                    "minecraft:is_axe",
                    "minecraft:transformable_items",
                    "minecraft:digger",
                    "nk:mysterium"
                ]
            },
            "minecraft:hand_equipped": {
                "value": true
            },
            "minecraft:repairable": {
                "repair_items": [
                    {
                        "items": [
                            "nk:mysterium_ingot"
                        ],
                        "repair_amount": "query.max_durability / 2"
                    }
                ]
            },
            "minecraft:wearable": {
                "slot": "slot.weapon.offhand"
            },
            "minecraft:should_despawn": {
                "value": false
            },
            "minecraft:digger": {
                "use_efficiency": true,
                "destroy_speeds": [
                    {
                        "block": {
                            "tags": "q.any_tag('wood', 'pumpkin')"
                        },
                        "speed": 25
                    },
                    {
                        "block": "nk:deepslate_mysterium_ore",
                        "speed": 0
                    },
                    {
                        "block": "nk:enderium_ore",
                        "speed": 0
                    },
                    {
                        "block": "minecraft:trapped_chest",
                        "speed": 25
                    },
                    {
                        "block": "minecraft:chest",
                        "speed": 25
                    },
                    {
                        "block": "minecraft:lectern",
                        "speed": 25
                    },
                    {
                        "block": "minecraft:crafting_table",
                        "speed": 30
                    },
                    {
                        "block": "minecraft:cartography_table",
                        "speed": 30
                    },
                    {
                        "block": "minecraft:smithing_table",
                        "speed": 30
                    },
                    {
                        "block": "minecraft:fletching_table",
                        "speed": 30
                    },
                    {
                        "block": "minecraft:soul_campfire",
                        "speed": 25
                    },
                    {
                        "block": "minecraft:beehive",
                        "speed": 25
                    },
                    {
                        "block": "minecraft:bookshelf",
                        "speed": 25
                    },
                    {
                        "block": "minecraft:campfire",
                        "speed": 25
                    },
                    {
                        "block": "minecraft:warped_pressure_plate",
                        "speed": 25
                    },
                    {
                        "block": "minecraft:bamboo_planks",
                        "speed": 25
                    },
                    {
                        "block": "minecraft:piston",
                        "speed": 25
                    },
                    {
                        "block": "minecraft:loom",
                        "speed": 30
                    },
                    {
                        "block": "minecraft:sticky_piston",
                        "speed": 25
                    },
                    {
                        "block": "minecraft:crimson_button",
                        "speed": 25
                    },
                    {
                        "block": "minecraft:bamboo_sapling",
                        "speed": 25
                    },
                    {
                        "block": "minecraft:bee_nest",
                        "speed": 25
                    },
                    {
                        "block": "minecraft:mangrove_roots",
                        "speed": 25
                    },
                    {
                        "block": "minecraft:muddy_mangrove_roots",
                        "speed": 10
                    },
                    {
                        "block": "minecraft:composter",
                        "speed": 30
                    },
                    {
                        "block": "minecraft:chiseled_bookshelf",
                        "speed": 25
                    },
                    {
                        "block": "minecraft:bamboo",
                        "speed": 40
                    },
                    {
                        "block": "minecraft:cactus",
                        "speed": 20
                    },
                    {
                        "block": "minecraft:warped_fence_gate",
                        "speed": 25
                    },
                    {
                        "block": "minecraft:crimson_fence",
                        "speed": 25
                    },
                    {
                        "block": "minecraft:warped_fence",
                        "speed": 25
                    },
                    {
                        "block": "minecraft:crimson_planks",
                        "speed": 25
                    },
                    {
                        "block": "minecraft:warped_planks",
                        "speed": 25
                    },
                    {
                        "block": "minecraft:crimson_pressure_plate",
                        "speed": 25
                    },
                    {
                        "block": "minecraft:warped_door",
                        "speed": 25
                    },
                    {
                        "block": "minecraft:crimson_door",
                        "speed": 25
                    },
                    {
                        "block": "minecraft:crimson_fence_gate",
                        "speed": 25
                    },
                    {
                        "block": "minecraft:crimson_trapdoor",
                        "speed": 25
                    },
                    {
                        "block": "minecraft:crimson_slab",
                        "speed": 25
                    },
                    {
                        "block": "minecraft:crimson_double_slab",
                        "speed": 25
                    },
                    {
                        "block": "minecraft:warped_slab",
                        "speed": 25
                    },
                    {
                        "block": "minecraft:warped_button",
                        "speed": 25
                    },
                    {
                        "block": "minecraft:warped_double_slab",
                        "speed": 25
                    },
                    {
                        "block": "minecraft:warped_trapdoor",
                        "speed": 25
                    },
                    {
                        "block": "minecraft:brown_mushroom_block",
                        "speed": 25
                    },
                    {
                        "block": "minecraft:red_mushroom_block",
                        "speed": 25
                    },
                    {
                        "block": "minecraft:stripped_crimson_stem",
                        "speed": 25
                    },
                    {
                        "block": "minecraft:stripped_warped_stem",
                        "speed": 25
                    },
                    {
                        "block": "minecraft:crimson_stem",
                        "speed": 25
                    },
                    {
                        "block": "minecraft:warped_stem",
                        "speed": 25
                    }
                ]
            }
            
        }
    }
}