{
    "format_version": "1.20.80",
    "minecraft:item": {
        "description": {
            "identifier": "nk:mysterium_hoe",
            "menu_category": {
                "category": "equipment",
                "group": "itemGroup.name.hoe",
                "is_hidden_in_commands": false
            }
        },
        "components": {
            "minecraft:display_name": {
                "value": "item.mysterium_hoe.name"
            },
            "minecraft:icon": {
                "textures": {
                    "default": "mysterium_hoe"
                }
            },
            "minecraft:enchantable": {
                "slot": "hoe",
                "value": 15
            },
            "minecraft:allow_off_hand": {
                "value": true
            },
            "minecraft:can_destroy_in_creative": {
                "value": true
            },
            "minecraft:damage": {
                "value": 8
            },
            "minecraft:max_stack_size": {
                "value": 1
            },
            "minecraft:durability": {
                "damage_chance": {
                    "max": 1,
                    "min": 1
                },
                "max_durability": 3192
            },
            "minecraft:tags": {
                "tags": [
                    "minecraft:is_hoe",
                    "minecraft:transformable_items",
                    "minecraft:digger",
                    "nk:mysterium"
                ]
            },
            "minecraft:hand_equipped": {
                "value": true
            },
            "minecraft:repairable": {
                "repair_items": [
                    {
                        "items": [
                            "nk:mysterium_ingot"
                        ],
                        "repair_amount": "query.max_durability / 2"
                    }
                ]
            },
            "minecraft:wearable": {
                "slot": "slot.weapon.offhand"
            },
            "minecraft:should_despawn": {
                "value": false
            },
            "minecraft:digger": {
                "use_efficiency": true,
                "destroy_speeds": [
                    {
                        "block": {
                            "tags": "q.any_tag('plant', 'crop')"
                        },
                        "speed": 20
                    },
                    {
                        "block": "nk:deepslate_mysterium_ore",
                        "speed": 0
                    },
                    {
                        "block": "nk:enderium_ore",
                        "speed": 0
                    },
                    {
                        "block": "minecraft:sculk",
                        "speed": 20
                    },
                    {
                        "block": "minecraft:sculk_vein",
                        "speed": 20
                    },
                    {
                        "block": "minecraft:sculk_sensor",
                        "speed": 20
                    },
                    {
                        "block": "minecraft:sculk_shrieker",
                        "speed": 20
                    },
                    {
                        "block": "minecraft:sculk_catalyst",
                        "speed": 20
                    },
                    {
                        "block": "minecraft:nether_wart_block",
                        "speed": 20
                    },
                    {
                        "block": "minecraft:warped_wart_block",
                        "speed": 20
                    },
                    {
                        "block": "minecraft:shroomlight",
                        "speed": 20
                    },
                    {
                        "block": "minecraft:azalea_leaves",
                        "speed": 20
                    },
                    {
                        "block": "minecraft:azalea_leaves_flowered",
                        "speed": 20
                    },
                    {
                        "block": "minecraft:mangrove_leaves",
                        "speed": 20
                    },
                    {
                        "block": "minecraft:dark_oak_leaves",
                        "speed": 20
                    },
                    {
                        "block": "minecraft:acacia_leaves",
                        "speed": 20
                    },
                    {
                        "block": "minecraft:jungle_leaves",
                        "speed": 20
                    },
                    {
                        "block": "minecraft:birch_leaves",
                        "speed": 20
                    },
                    {
                        "block": "minecraft:spruce_leaves",
                        "speed": 20
                    },
                    {
                        "block": "minecraft:oak_leaves",
                        "speed": 20
                    },
                    {
                        "block": "minecraft:cherry_leaves",
                        "speed": 20
                    }
                ]
            },
            "minecraft:use_animation": {
                "value": "bow"
            }
        }
    }
}