{
    "format_version": "1.20.80",
    "minecraft:item": {
        "description": {
            "identifier": "nk:mysterium_upgrade_smithing_template",
            "menu_category": {
                "category": "items",
                "group": "itemGroup.name.smithing_templates",
                "is_hidden_in_commands": false
            }
        },
        "components": {
            "minecraft:display_name": {
                "value": "item.mysterium_upgrade_smithing_template.name"
            },
            "minecraft:icon": {
                "textures": {
                    "default": "mysterium_upgrade_smithing_template"
                }
            },
            "minecraft:should_despawn": {
                "value": false
            },
            "minecraft:tags": {
                "tags": [
                    "minecraft:transform_templates"
                ]
            }
        }
    }
}