{
    "format_version": "1.20.80",
    "minecraft:item": {
        "description": {
            "identifier": "nk:mysterium_boots",
            "menu_category": {
                "category": "equipment",
                "group": "itemGroup.name.boots",
                "is_hidden_in_commands": false
            }
        },
        "components": {
            "minecraft:display_name": {
                "value": "item.mysterium_boots.name"
            },
            "minecraft:icon": {
                "textures": {
                    "default": "mysterium_boots"
                }
            },
            "minecraft:enchantable": {
                "slot": "armor_feet",
                "value": 15
            },
            "minecraft:allow_off_hand": {
                "value": true
            },
            "minecraft:can_destroy_in_creative": {
                "value": true
            },
            "minecraft:max_stack_size": {
                "value": 1
            },
            "minecraft:durability": {
                "damage_chance": {
                    "max": 1,
                    "min": 1
                },
                "max_durability": 612
            },
            "minecraft:tags": {
                "tags": [
                    "minecraft:trimmable_armors",
                    "minecraft:is_armor",
                    "minecraft:transformable_items",
                    "nk:mysterium"
                ]
            },
            "minecraft:repairable": {
                "repair_items": [
                    {
                        "items": [
                            "nk:mysterium_ingot"
                        ],
                        "repair_amount": "query.max_durability / 2"
                    }
                ]
            },
            "minecraft:wearable": {
                "slot": "slot.armor.feet",
                "protection": 5
            },
            "minecraft:should_despawn": {
                "value": false
            }
            
        }
    }
}