{
    "format_version": "1.20.80",
    "minecraft:feature_rules": {
        "description":{
            "identifier": "nk:overworld_mysterium_ore_feature",
            "places_feature": "nk:deepslate_mysterium_ore"
        },
        "conditions": {
            "placement_pass": "underground_pass",
            "minecraft:biome_filter": [
                {
                    "any_of": [
                        {
                            "test": "has_biome_tag",
                            "operator": "not",
                            "value": "overworld"
                        },
                        {
                            "test": "has_biome_tag",
                            "operator": "not",
                            "value": "nether"
                        }
                    ]
                }
            ]
        },
        "distribution": {
            "iterations": 2,
            "coordinate_eval_order": "zyx",
            "x": {
                "distribution": "uniform",
                "extent": [0, 16]
            },
            "y": {
                "distribution": "uniform",
                "extent": [0, 35]
            },
            "z": {
                "distribution": "uniform",
                "extent": [0, 16]
            }
        }
    }
}