{
  "format_version": "1.20.80",
  "minecraft:attachable": {
    "description": {
      "identifier": "nk:mysterium_chestplate",
      "materials": {
        "default": "armor",
        "enchanted": "armor_enchanted"
      },
      "textures": {
        "default": "textures/models/armor/mysterium_1",
        "enchanted": "textures/misc/enchanted_actor_glint"
      },
      "geometry": {
        "default": "geometry.humanoid.armor.chestplate"
      },
      "scripts": {
        "parent_setup": "variable.chest_layer_visible = 0.0;"
      },
      "render_controllers": [
        "controller.render.armor"
      ]
    }
  }
}