{
  "format_version": "1.20.80",
  "minecraft:block": {
    "description": {
      "identifier": "nk:deepslate_mysterium_ore",
      "menu_category": {
        "category": "nature",
        "group": "itemGroup.name.ore",
        "is_hidden_in_commands": false
      }
    },
    "components": {
      "minecraft:collision_box": {
        "origin": [
          -8,
          0,
          -8
        ],
        "size": [
          16,
          16,
          16
        ]
      },
      "minecraft:destructible_by_explosion": false,
      "minecraft:destructible_by_mining": {
        "seconds_to_destroy": 4
      },
      "minecraft:display_name": "tile.nk:deepslate_mysterium_ore.name",
      "minecraft:flammable": false,
      "minecraft:map_color": "#9900CC",
      "minecraft:loot": "loot_tables/blocks/deepslate_mysterium_ore.json"
    }
  }
}