{
    "format_version": "1.20.80",
    "minecraft:recipe_shaped": {
        "description": {
            "identifier": "nk:mysterium_upgrade_smithing_template_clone"
        },
        "tags": [
            "crafting_table"
        ],
        "pattern": [
            "mnm",
            "mem",
            "mmm"
        ],
        "key": {
            "m": "minecraft:diamond",
            "e": "nk:mysterium_ingot",
            "n": "nk:mysterium_upgrade_smithing_template"

        },
        "result": {
            "item": "nk:mysterium_upgrade_smithing_template",
            "count": 2
        },
        "unlock": [
            {
                "item": "minecraft:netherite_upgrade_smithing_template"
            },
            {
                "item": "minecraft:netherite_ingot"
            },
            {
                "item": "nk:mysterium_ingot"
            }
        ]
    }
}