{
    "format_version": "1.20.80",
    "minecraft:recipe_shaped": {
        "description": {
            "identifier": "nk:mysterium_upgrade_smithing_template"
        },
        "tags": [
            "crafting_table"
        ],
        "pattern": [
            "mnm",
            "mdm",
            "mmm"
        ],
        "key": {
            "m": "nk:mysterium_ingot",
            "d": "minecraft:end_stone",
            "n": "minecraft:netherite_upgrade_smithing_template"

        },
        "result": {
            "item": "nk:mysterium_upgrade_smithing_template",
            "count": 1
        },
        "unlock": [
            {
                "item": "minecraft:netherite_upgrade_smithing_template"
            },
            {
                "item": "minecraft:netherite_ingot"
            },
            {
                "item": "nk:mysterium_ingot"
            }
        ]
    }
}